customer_id,first_name,last_name,email,address,join_date
1,Debbie,Cross,oevans@example.com,"PSC 1038, Box 4849, APO AA 18325",2025-03-20
2,Ian,Perry,sharpbrittany@example.net,"515 Moore Plains, West Natalie, MA 57044",2024-07-27
3,Jeremy,Smith,hreynolds@example.com,"2159 Armstrong Branch, Catherineberg, AL 81750",2025-01-15
4,Brenda,Christensen,wlarson@example.org,"501 Johnston Junctions, West Danielton, FL 89885",2024-08-06
5,Sarah,Butler,jonathan25@example.org,"1351 John Well, Port Jillian, LA 67662",2025-01-17
6,Steven,Ross,thompsonjonathan@example.org,"Unit 5121 Box 4707, DPO AE 36743",2023-08-05
7,Michael,Dougherty,philip72@example.org,"424 Charles Gateway, Melissamouth, GA 56951",2024-04-12
8,Evan,Weaver,ogarcia@example.net,"USS Hughes, FPO AE 70142",2024-10-03
9,Dustin,Jackson,wbarron@example.org,"134 Campos Extensions, South Anthonyborough, NC 48533",2024-09-02
10,Ashley,Hill,nancyfranco@example.com,"Unit 8509 Box 6673, DPO AE 62631",2024-09-25
11,Robert,Doyle,birdangela@example.com,"82424 Monica Fall, Leroyville, ME 11342",2024-12-30
12,Sharon,Burgess,zachary10@example.org,"71138 Smith Centers Suite 854, Brookemouth, VT 77911",2024-12-28
13,Andrew,Collier,usherman@example.net,"300 Rodriguez Forest Apt. 955, Ashleyburgh, OK 59231",2023-07-21
14,Angela,Torres,christophershannon@example.net,"8868 Sharon Mills, Port Stephaniestad, IN 84376",2024-06-29
15,Jay,Huynh,pchapman@example.org,"7464 Kyle Ramp Suite 140, Hernandezchester, WY 49535",2023-09-07
16,Lynn,Allen,ashleemann@example.org,"PSC 1482, Box 9228, APO AE 11843",2023-12-20
17,Joseph,Gaines,jordanamanda@example.net,"306 Carey Fall Apt. 302, Stevenborough, MS 68543",2024-09-25
18,Stephen,Reed,htaylor@example.net,"59044 Robert Points Apt. 691, Cynthiafort, IA 01706",2025-04-19
19,Stacey,Martin,vvargas@example.net,"070 Garcia Greens, Ryanview, SC 35541",2024-04-08
20,Michael,Dominguez,gabrielle74@example.com,"638 Kyle Centers, Barberton, IL 21632",2025-05-01
21,Alec,Zimmerman,hfox@example.org,"10668 Dennis Summit Apt. 092, Port Jasmine, PR 16699",2024-04-11
22,Hector,Dunn,paulaperez@example.net,"6077 James Grove, Hansenfort, CO 64025",2023-07-03
23,Kelsey,Carney,cookescott@example.com,"0151 James Stravenue Apt. 382, North Melissa, VI 44902",2023-10-06
24,Jason,Glenn,richard41@example.org,"20381 David Port Suite 660, North Rebeccaborough, IL 38112",2023-08-19
25,Tiffany,Coleman,mccartytiffany@example.net,"53434 King Curve, Lake Richardport, NV 67034",2023-10-01
26,Richard,Roy,jonathan33@example.com,"14744 Frank Loop, Mendozaberg, WY 71720",2025-04-07
27,Steven,Williams,angela98@example.com,"937 Kristen Islands, Katherineburgh, FL 08573",2024-06-27
28,Lucas,Boyle,tonya19@example.com,"17840 Michael Estates Suite 617, East Robertmouth, PA 03737",2023-12-30
29,Heather,King,lucasconnor@example.net,"45758 Curtis Crossing, Kelleyport, FM 23278",2025-04-22
30,Todd,Anderson,derrickwhite@example.net,"435 Arias Junctions, South Colleen, AZ 57869",2023-12-24
31,Brandon,Spears,kristithompson@example.org,"PSC 7700, Box 2198, APO AP 61223",2025-06-07
32,Jacob,Hamilton,bishopjoseph@example.net,"784 Marshall Unions Apt. 189, East Joseph, MA 95528",2023-08-01
33,Shawn,Braun,victoriaodonnell@example.com,"PSC 4601, Box 5182, APO AE 43823",2023-09-25
34,Frank,Long,qlewis@example.com,"486 Dawn Well, Allenfort, GU 95589",2024-03-02
35,Barbara,Williams,veronicaestrada@example.com,"554 Ellis Groves Suite 133, Leeside, VA 08570",2024-09-25
36,Joyce,Bradley,lsmith@example.com,"256 Keith Summit Apt. 218, Katrinatown, NM 32033",2025-02-20
37,Maria,Rosales,browndavid@example.com,"53868 Ward Haven, Pittsmouth, OR 82676",2024-07-05
38,Vincent,Deleon,youngseth@example.com,"57974 Reynolds Creek, South Breannafort, GU 81760",2023-08-11
39,Erica,Pineda,kristen41@example.org,"9818 Henry Spring, Smallstad, WI 33443",2025-06-08
40,Paul,Wagner,nicholsdonna@example.com,"68761 Dwayne Lock, East Meredith, NH 37121",2025-03-22
41,Adam,Mejia,campbellbrian@example.net,"USCGC Carter, FPO AP 03265",2024-06-27
42,Roger,Rose,nancy27@example.net,"6212 Nixon Dale, Dayhaven, UT 86940",2024-12-15
43,Kevin,Williams,joseph06@example.org,"477 Quinn Fork Suite 219, East Kathleen, HI 29833",2024-11-16
44,Robert,Simmons,woodemily@example.com,"10083 Hughes Club, New Anthonyside, DC 94155",2025-03-25
45,Brandon,Serrano,qlee@example.net,"75600 Angela Summit Apt. 329, Lake Bryan, CO 51347",2024-12-10
46,Brittany,Melton,tyler61@example.net,"57621 Brown Springs, Jackhaven, NE 07640",2024-08-07
47,Tricia,Alexander,sandra11@example.org,"085 Owens Passage Apt. 433, Hensleyside, LA 18605",2023-12-12
48,Logan,Ramirez,bhuynh@example.org,"31941 Matthews Oval Apt. 994, Johnsmouth, AS 38837",2024-06-22
49,Robert,Kelly,jgardner@example.com,"0482 John Stravenue, Howellview, VA 51374",2024-05-17
50,Janet,White,allendouglas@example.net,"8659 Hill Grove Apt. 754, New Paulfort, HI 32838",2024-07-01
51,Kathy,Rivers,fernandezdavid@example.net,"093 Gardner Turnpike, Lake Tony, KS 47042",2024-08-27
52,Alan,Wagner,raymond23@example.com,"71543 Jean Springs, Lake Dianechester, KS 04629",2024-03-09
53,Sarah,Lamb,burnettkathleen@example.org,"PSC 8180, Box 5432, APO AA 71361",2024-04-25
54,Holly,Griffin,danielcraig@example.org,"2798 Christopher Cape Suite 968, Leetown, MD 30365",2024-01-25
55,Teresa,Young,brittany29@example.net,"5101 Lee Cliff, Jessicashire, IL 94249",2025-05-22
56,Alexis,Cohen,blake28@example.org,"6552 Tristan Causeway Apt. 712, Owensborough, PR 55610",2023-12-11
57,Brandi,Floyd,george41@example.org,"5725 Jason Crossing, Katiestad, NH 56021",2023-08-06
58,Joel,Flores,harrisjulie@example.com,"2825 Martin Heights, New Zachary, TX 24712",2025-04-06
59,Gina,Mitchell,alexandermcdaniel@example.com,"8803 Michelle Corner, New Spencerborough, MS 67586",2024-11-21
60,Amanda,Grant,allenevans@example.org,"7486 Benjamin Meadow, Stephenbury, DC 70049",2023-08-17
61,Paul,Mills,josephwarren@example.org,"1481 Stewart Square, Smithfurt, NH 69477",2025-05-25
62,Andrea,Cox,mitchellcaitlin@example.net,"70348 Michelle Vista, Dayport, MH 76159",2024-01-03
63,Jennifer,Baker,jessicapeterson@example.com,"716 Lopez Course Apt. 250, Lake Brittany, RI 21922",2025-03-26
64,Jose,Brown,nsullivan@example.org,"540 Julie Causeway Apt. 142, West Yolandachester, SD 98641",2025-06-18
65,Michelle,Meyers,gailevans@example.net,"PSC 4062, Box 2992, APO AA 56743",2023-06-24
66,Melanie,Carter,anguyen@example.org,"865 Angela Underpass Suite 134, Matthewberg, MD 37960",2024-10-25
67,Christopher,Thomas,jacksonrobin@example.com,"604 Stephen Plaza Apt. 475, South Brian, MH 37041",2023-06-24
68,Meghan,Stephenson,timothy18@example.net,"9291 Stephanie Parkways, Hillport, AK 14367",2024-08-03
69,Monique,Smith,belindanoble@example.com,"PSC 6609, Box 9887, APO AP 49202",2024-01-11
70,Cheryl,Koch,yclements@example.org,"42616 Davis Brooks, East Alyssafurt, MA 84123",2025-02-26
71,Crystal,Camacho,breweremily@example.org,"55450 Lopez Way, Rossmouth, KY 57987",2023-07-25
72,Ryan,Vang,burkemelanie@example.net,"235 Timothy Heights Suite 080, Georgemouth, FM 59531",2024-01-28
73,Joseph,Powell,jeffersonkenneth@example.net,"81007 Jennifer Crescent Suite 117, East Juanchester, TX 23412",2023-12-26
74,Sabrina,Johnson,stevenpeters@example.com,"83795 Adkins Village Suite 946, East Heatherton, OH 24830",2024-11-01
75,Cathy,Garcia,andrea88@example.org,"4276 West Field Suite 614, Eileenstad, MA 94395",2023-09-08
76,Lori,Newman,krystalgrimes@example.net,"4823 Garcia Brook Suite 877, West Robin, MN 87770",2024-07-25
77,Anthony,Gonzalez,lopezvanessa@example.org,"56695 Lewis Springs Suite 340, West Kevinton, PW 69410",2024-03-21
78,Catherine,Rodgers,williamsmelissa@example.net,"567 Fernando Road, Port Matthewhaven, WY 97520",2024-03-09
79,David,Jones,veronicastevenson@example.com,"8825 Michael Plain, Torresmouth, PW 44100",2023-12-06
80,Stephanie,Perez,brittany91@example.com,"71225 Wiley Radial Suite 022, Elizabethfort, DC 51155",2024-04-04
81,Dennis,Henry,anthonyevans@example.net,"934 Christopher Junctions Suite 695, Sarahberg, LA 69661",2025-02-21
82,Michael,Ramos,wadams@example.com,"122 Steve Key Apt. 854, Eatontown, TX 87262",2024-08-02
83,Christopher,Turner,chase10@example.com,"4370 Huerta Ferry, West Pamela, ID 62721",2024-03-10
84,Carl,Walker,denglish@example.org,"858 Rivera Pine Suite 279, Christopherborough, IL 98065",2023-12-03
85,James,Flowers,jennifer55@example.com,"519 Kelsey Dam, Alexandraton, CT 20285",2023-12-09
86,Andres,Davis,russelljonathan@example.com,"8162 Sara Via, Edwardtown, NY 37120",2023-06-23
87,Dale,Benitez,jessica23@example.org,"23480 Sutton Fork, Kingmouth, IN 52263",2024-02-15
88,Kristopher,Rodriguez,joel11@example.net,"362 Mary Junctions, Santanastad, OK 67718",2025-01-10
89,Heather,Blackburn,kathrynmiller@example.org,"3937 Clark Courts, Farmertown, NY 38812",2024-12-25
90,Melissa,Rodriguez,nelsonjames@example.com,"327 John Plaza Suite 219, East Cole, VI 53702",2024-06-26
91,Timothy,White,rpalmer@example.com,"9179 Jessica Ways Apt. 995, Montestown, CA 88883",2024-04-14
92,Gina,Rios,adamgarcia@example.org,"421 Matthew Lane, Mariachester, AR 29314",2024-01-27
93,James,Chan,nicholas85@example.net,"5965 Matthew Groves Apt. 147, West Brookefort, IA 69791",2025-02-02
94,Susan,Smith,birdross@example.com,"55836 Anthony Junction, Mortonport, UT 10991",2025-05-12
95,Nancy,Garcia,edwardbowen@example.net,"04794 Nicholas Prairie Apt. 111, Emilychester, WV 65564",2025-05-09
96,Justin,Hodge,williamsjoshua@example.com,"2646 White Estates Suite 288, Howeburgh, AL 51742",2025-05-02
97,Christopher,Harris,kennethhall@example.org,"USNV Phillips, FPO AA 12689",2024-06-03
98,Anne,Reynolds,patriciataylor@example.org,"465 Cheryl Burg Suite 425, West Linda, TN 84291",2024-07-29
99,William,Moon,kking@example.com,"838 Snyder Squares Apt. 459, Nicolechester, NJ 12564",2024-06-30
100,Angela,Becker,taylorkathryn@example.org,"75845 Figueroa Drives, New Kimberlyshire, UT 75529",2024-10-21
101,Shirley,Stewart,psharp@example.com,"86660 Tran Course, East Jenniferville, VA 55545",2025-05-22
102,James,Lewis,toddwhite@example.org,"88615 Chavez Lake Apt. 304, Lake Jilltown, IA 79880",2024-07-13
103,Brian,Patterson,archerchad@example.net,"890 Elizabeth Mission Suite 265, Johnsontown, MD 29743",2025-04-22
104,Christopher,Moreno,maryarias@example.net,"553 Christopher Rapids Apt. 964, East Alexandra, AS 65477",2024-03-08
105,Kimberly,Lin,ilee@example.com,"89323 Kelley Summit Apt. 015, Maldonadoville, LA 52085",2023-08-07
106,Jason,Green,crawfordashley@example.net,"65594 Salazar Coves Suite 422, Port Brettville, NC 45796",2023-07-22
107,Michael,Hall,zwashington@example.net,"Unit 7112 Box 1602, DPO AE 53638",2025-02-12
108,Michelle,Williams,brianna09@example.net,"525 Maxwell Ports, West Aliciaville, ME 82863",2023-10-08
109,Russell,Zimmerman,martinmichelle@example.net,"2751 Walker Lodge, Ramseyfort, PW 02395",2023-10-19
110,Lisa,Ramsey,lpage@example.org,"29701 Todd Ports Apt. 026, Port Monicabury, FM 26667",2024-08-21
111,Dennis,Conner,andrea42@example.com,"37161 Clinton Dam, New Joshuaburgh, IA 38958",2025-04-17
112,Carrie,Thomas,careyjane@example.org,"40894 Nolan Shoals, Christopherland, VI 27124",2024-05-25
113,Richard,Freeman,rsanchez@example.net,"82681 Daniel Neck, Montgomeryhaven, MO 12194",2024-04-25
114,Carl,Franklin,wbennett@example.org,"78042 Kristin Keys Suite 040, Gloverchester, IA 49781",2025-02-14
115,Robert,Munoz,juliagomez@example.org,"8774 Gibson Locks Suite 067, East Joeltown, CT 33231",2023-08-04
116,Jennifer,Carlson,rileyruiz@example.org,"030 Munoz Island Apt. 836, Jimmyshire, AS 93782",2025-04-21
117,Brian,Johnson,fhall@example.net,"USS Rogers, FPO AA 02836",2024-02-26
118,Tammy,Young,ucampbell@example.com,"16938 Stephen Falls, Gomezberg, MP 27917",2023-12-22
119,John,Hall,jeremy67@example.com,"17304 Brandon Walk Apt. 529, Owensview, AR 53073",2023-07-07
120,Amy,Davis,jamesmoore@example.org,"5979 Anderson Knolls Apt. 767, Atkinschester, MT 96225",2024-04-04
121,Joseph,Anderson,reyesstephanie@example.com,"959 Peterson Walk, New Tammy, NY 05920",2023-09-28
122,Thomas,Howard,kelly64@example.com,"84285 Holt Stravenue, West Russell, VT 93933",2025-06-02
123,Aaron,Rhodes,walterisabella@example.org,"6699 Lynn Gardens Suite 835, West Joannaburgh, AR 62430",2024-03-27
124,Walter,Carr,usmith@example.org,"8697 James Points Suite 152, Courtneyfurt, NV 60712",2025-01-31
125,Jennifer,Coleman,lynnreed@example.net,"03416 Zachary Highway Suite 344, Robertsonstad, MO 18498",2025-06-07
126,Joshua,Petty,beltrankerri@example.net,"06911 Stephanie Pine, Danielfurt, IL 53217",2024-05-06
127,Andrew,Wilson,thomasjennifer@example.com,"48794 Leonard Key, Jeremiahton, FL 74469",2025-05-14
128,Brandon,Andrews,allentammy@example.org,"6014 Maria Prairie Apt. 926, Melindatown, DC 80731",2025-04-13
129,Mark,Anderson,calebsmith@example.org,"531 Derrick Inlet Suite 817, Orrshire, MD 73953",2023-10-10
130,Nancy,Reed,terriwilliams@example.net,"028 James Falls Suite 600, Phillipsburgh, WA 44978",2023-07-01
131,Erin,Wilson,brownellen@example.net,"679 Peck Stravenue, West Jennifer, PA 72559",2023-09-07
132,Jacqueline,Thompson,ptucker@example.net,"43116 Wilson Viaduct Apt. 304, Michelleton, FL 85386",2024-04-02
133,Jennifer,Leonard,xcarson@example.org,"400 Erica Flats, New John, FL 14733",2024-12-13
134,Nathaniel,Ferguson,nwilson@example.net,"128 John Parkway Apt. 418, Lanefurt, NV 03814",2024-10-25
135,Kenneth,Houston,ugriffith@example.net,"770 Sharp Manors, Amybury, OK 35677",2024-03-17
136,Tamara,Kemp,colleen13@example.net,"882 Morales Skyway, Holmeschester, VI 46157",2025-03-06
137,Cheryl,Hill,jonathanthompson@example.com,"USCGC Weaver, FPO AA 34066",2023-09-16
138,Ruth,Odom,padillajennifer@example.com,"99154 Bailey Gateway, Laurabury, OK 36464",2023-08-13
139,Christy,Porter,angela57@example.com,"8324 Vance Manors, Andreamouth, CT 49950",2025-03-15
140,Glenn,Walters,odomlisa@example.org,"7144 Nguyen Dale, Garyburgh, GU 11917",2025-02-06
141,Carlos,Allison,zanderson@example.net,"514 Melinda Views Apt. 654, Stewartmouth, MI 73994",2025-01-14
142,Julie,Wood,debramoore@example.com,"8924 Bolton Plains Suite 511, East Carl, DE 55854",2024-06-28
143,Christopher,Sanchez,xreed@example.net,"Unit 7246 Box 8447, DPO AP 82407",2025-06-18
144,Donna,Griffin,hsmith@example.org,"3856 Norton Plaza, Matthewsfurt, DE 39265",2025-02-20
145,Wayne,Ruiz,bestpatrick@example.net,"PSC 9762, Box 2402, APO AA 22943",2024-12-18
146,Eric,Turner,millsmichael@example.net,"984 Smith Stream, South Stephentown, NJ 90429",2025-03-29
147,Eric,Mcbride,valerie15@example.net,"36810 Pena Manors, Welchport, TX 83129",2024-02-16
148,Willie,Page,baileydarrell@example.net,"Unit 6425 Box 4752, DPO AE 60191",2024-07-08
149,Kelly,Myers,christinebowman@example.com,"2187 Garcia Shore Apt. 287, Claudiamouth, WI 66189",2024-04-01
150,Maria,Odom,stephanie52@example.net,"680 Kimberly Stream, South Sarahaven, CT 04590",2023-08-07
151,Ruth,Keith,dawnward@example.org,"6792 Mayo Coves, Port Jasontown, GA 14644",2025-03-23
152,Douglas,Smith,robersonjames@example.com,"02907 Melissa Shoal, Clintonside, TX 59461",2023-09-19
153,Gina,Collins,richard12@example.com,"10093 John Walks, Valerieton, FM 59297",2025-06-03
154,Sherri,Mullins,wattsmichael@example.com,"PSC 1017, Box 3538, APO AA 54496",2024-01-10
155,Brenda,Sellers,swilliams@example.net,"12463 David Ranch, Orozcohaven, PA 60850",2024-02-06
156,Veronica,Perez,stacy84@example.com,"2661 Kevin Union Apt. 530, Port Lisa, IN 53804",2024-09-26
157,Jordan,Hopkins,gainesmary@example.com,"16025 Marshall Rapid, East Mikaylamouth, KY 40773",2024-06-06
158,Robert,Farrell,qroth@example.net,"USNS Little, FPO AP 05068",2023-09-21
159,Christopher,Martin,igarcia@example.net,"68224 Watkins Stravenue, South Emily, MI 07081",2025-06-02
160,Madeline,Adams,jennifer08@example.com,"USCGC Rios, FPO AE 87924",2024-10-15
161,Kenneth,Richardson,tami88@example.org,"314 Paul Heights, Lake Sharonside, NH 42178",2024-12-31
162,Brian,Gonzalez,jaimegalloway@example.com,"570 Perez Mission Apt. 367, Christiemouth, IL 00524",2023-10-03
163,Donald,Waters,aliciawillis@example.org,"85894 Benjamin Rue, West Kyleland, RI 42871",2023-09-19
164,Tabitha,Klein,simmonscarol@example.net,"25503 Rivera Expressway, Michaelton, AR 47811",2024-07-07
165,John,Nelson,jacob48@example.org,"527 Kristin Brook, South Suzanneborough, MS 62030",2024-04-19
166,Cynthia,Stevens,cruzangela@example.com,"Unit 1594 Box 7321, DPO AA 67524",2024-04-26
167,Natalie,Cruz,suzannebean@example.com,"998 Martinez Track, Lyonsland, CT 50030",2023-07-29
168,Bryan,Thomas,christopher28@example.net,"85363 Leonard Port, Raymondville, GU 48840",2024-01-09
169,Crystal,Hanson,curtishernandez@example.org,"USNV Walsh, FPO AA 24512",2025-04-14
170,Shawn,Rodriguez,mjackson@example.org,"3341 Elizabeth Plaza Suite 665, South Todd, MT 30113",2024-06-30
171,Thomas,Gould,brian32@example.net,"14507 Thomas Vista, Lake Jeffery, OH 61948",2023-11-09
172,Nicole,Lewis,lauramiller@example.net,"1900 Lee Lakes Apt. 371, New Sylvia, NJ 61334",2024-09-17
173,Denise,Lee,mtapia@example.net,"5430 Kevin Islands Apt. 337, West Jacob, NV 08235",2023-07-25
174,Steven,Solomon,ronnie98@example.com,"294 Sarah Glens, West Gregg, GU 72076",2025-05-03
175,Shannon,Wells,raymondrangel@example.com,"459 Kimberly Motorway Apt. 985, Meghanmouth, TX 48035",2024-11-08
176,Andrew,Stewart,leesarah@example.com,"39426 Pamela Squares Suite 155, Lake Sarah, AR 99047",2023-12-23
177,Tyrone,Miller,renee57@example.org,"0182 Ramirez Glen Apt. 527, Cynthiaview, CA 27393",2024-09-24
178,Travis,Williams,wilcoxjeffery@example.org,"1108 Lara Isle Suite 362, West Josephport, SD 62905",2023-09-25
179,Joshua,Lee,zamorakiara@example.net,"67679 Wilkins Light Suite 548, Bakerbury, NH 55560",2023-09-30
180,Alison,Wright,bartonjennifer@example.net,"15760 Brooks Land Apt. 141, Hallfort, MO 61716",2024-04-03
181,Pamela,Dean,sandrasullivan@example.org,"60441 Jones Mills Suite 743, Kylechester, CA 25218",2024-07-12
182,Tyler,Payne,hernandezrebecca@example.org,"028 Browning Radial Suite 473, Melissashire, NC 99384",2023-09-11
183,Gail,Black,lreid@example.org,"38369 Barrera Dam, Lake Marvinland, ID 81554",2025-01-09
184,Annette,Roberts,molly68@example.com,"75481 Melissa Plains Apt. 737, Aprilville, GA 02829",2023-10-13
185,Janet,Diaz,bethany55@example.org,"41678 Victor Mountains Apt. 743, West Rebecca, WV 87285",2025-05-10
186,Lindsey,Hernandez,mmelton@example.net,"317 Kelley Fords Apt. 670, Lake Wendymouth, DC 07134",2023-11-21
187,Luis,Li,toddalexander@example.net,"USS Jensen, FPO AE 44776",2025-04-28
188,Jenna,Weiss,kathleen92@example.net,"203 James Rapid, West Robertbury, KS 19247",2024-08-02
189,Joseph,Smith,deanmclaughlin@example.org,"9583 Michael Roads Suite 158, South Samantha, WV 89080",2023-10-10
190,Juan,Ward,steven43@example.net,"PSC 8848, Box 9956, APO AP 91917",2025-05-16
191,Jose,Gross,kmiranda@example.com,"69383 Freeman Row, Antonioland, WI 83903",2023-12-01
192,Joyce,White,umedina@example.org,"7206 Weeks Rest, East Aprilstad, MN 76766",2023-12-18
193,Julia,Snow,cameron55@example.org,"9545 Scott Drive, Baileyport, NC 61519",2023-10-27
194,Isaac,Hughes,brandon82@example.org,"323 Christopher Inlet, Lucerotown, HI 76979",2025-02-22
195,Charles,Green,stephenjones@example.net,"019 Matthew Pass Apt. 542, Mitchellton, NJ 69922",2025-05-22
196,Raymond,Krueger,tsteele@example.com,"452 Craig Hollow, Port Robert, AZ 01329",2024-12-15
197,Whitney,King,rhondahernandez@example.com,"247 Samuel Park Apt. 147, Lopezville, VA 69958",2024-09-19
198,Michelle,Morales,heathermendoza@example.com,"6661 Hall Harbors Apt. 143, Lake Marcville, MS 53059",2025-02-04
199,Jane,Gibson,debra64@example.com,"2957 Solis Course, New Jennifer, PW 79236",2024-09-09
200,Cory,Tran,diana58@example.com,"2993 Andrea Inlet, West Rebecca, NH 70899",2024-07-27